basevm,datastore,resourcepool,vmname,ipaddress
temp_load,load_testing,load_testing,Load01,10.176.45.10
temp_load,load_testing,load_testing,Load02,10.176.45.11
temp_load,load_testing,load_testing,Load03,10.176.45.12
temp_load,load_testing,load_testing,Load04,10.176.45.13
temp_load,load_testing,load_testing,Load05,10.176.45.14
temp_load,load_testing,load_testing,Load06,10.176.45.15
temp_load,load_testing,load_testing,Load07,10.176.45.16
temp_load,load_testing,load_testing,Load08,10.176.45.17
temp_load,load_testing,load_testing,Load09,10.176.45.18
temp_load,load_testing,load_testing,Load10,10.176.45.19
temp_load,load_testing,load_testing,Load11,10.176.45.20
temp_load,load_testing,load_testing,Load12,10.176.45.21
temp_load,load_testing,load_testing,Load13,10.176.45.22
temp_load,load_testing,load_testing,Load14,10.176.45.23
temp_load,load_testing,load_testing,Load15,10.176.45.24
temp_load,load_testing,load_testing,Load16,10.176.45.25
temp_load,load_testing,load_testing,Load17,10.176.45.26
temp_load,load_testing,load_testing,Load18,10.176.45.27
temp_load,load_testing,load_testing,Load19,10.176.45.28
temp_load,load_testing,load_testing,Load20,10.176.45.29
temp_load,load_testing,load_testing,Load21,10.176.45.30
temp_load,load_testing,load_testing,Load22,10.176.45.31
temp_load,load_testing,load_testing,Load23,10.176.45.32
temp_load,load_testing,load_testing,Load24,10.176.45.33
temp_load,load_testing,load_testing,Load25,10.176.45.34
temp_load,load_testing,load_testing,Load26,10.176.45.35
temp_load,load_testing,load_testing,Load27,10.176.45.36
temp_load,load_testing,load_testing,Load28,10.176.45.37
temp_load,load_testing,load_testing,Load29,10.176.45.38
temp_load,load_testing,load_testing,Load30,10.176.45.39
temp_load,load_testing,load_testing,Load31,10.176.45.40
temp_load,load_testing,load_testing,Load32,10.176.45.41
temp_load,load_testing,load_testing,Load33,10.176.45.42
temp_load,load_testing,load_testing,Load34,10.176.45.43
temp_load,load_testing,load_testing,Load35,10.176.45.44
temp_load,load_testing,load_testing,Load36,10.176.45.45
temp_load,load_testing,load_testing,Load37,10.176.45.46
temp_load,load_testing,load_testing,Load38,10.176.45.47
temp_load,load_testing,load_testing,Load39,10.176.45.48
temp_load,load_testing,load_testing,Load40,10.176.45.49
temp_load,load_testing,load_testing,Load41,10.176.45.50
temp_load,load_testing,load_testing,Load42,10.176.45.51
temp_load,load_testing,load_testing,Load43,10.176.45.52
temp_load,load_testing,load_testing,Load44,10.176.45.53
temp_load,load_testing,load_testing,Load45,10.176.45.54
temp_load,load_testing,load_testing,Load46,10.176.45.55
temp_load,load_testing,load_testing,Load47,10.176.45.56
temp_load,load_testing,load_testing,Load48,10.176.45.57
temp_load,load_testing,load_testing,Load49,10.176.45.58
temp_load,load_testing,load_testing,Load50,10.176.45.59
temp_load,load_testing,load_testing,Load51,10.176.45.60
temp_load,load_testing,load_testing,Load52,10.176.45.61
temp_load,load_testing,load_testing,Load53,10.176.45.62
temp_load,load_testing,load_testing,Load54,10.176.45.63
temp_load,load_testing,load_testing,Load55,10.176.45.64
temp_load,load_testing,load_testing,Load56,10.176.45.65
temp_load,load_testing,load_testing,Load57,10.176.45.66
temp_load,load_testing,load_testing,Load58,10.176.45.67
temp_load,load_testing,load_testing,Load59,10.176.45.68
temp_load,load_testing,load_testing,Load60,10.176.45.69
temp_load,load_testing,load_testing,Load61,10.176.45.70
temp_load,load_testing,load_testing,Load62,10.176.45.71
temp_load,load_testing,load_testing,Load63,10.176.45.72
temp_load,load_testing,load_testing,Load64,10.176.45.73
temp_load,load_testing,load_testing,Load65,10.176.45.74
temp_load,load_testing,load_testing,Load66,10.176.45.75
temp_load,load_testing,load_testing,Load67,10.176.45.76
temp_load,load_testing,load_testing,Load68,10.176.45.77
temp_load,load_testing,load_testing,Load69,10.176.45.78
temp_load,load_testing,load_testing,Load70,10.176.45.79
temp_load,load_testing,load_testing,Load71,10.176.45.80
temp_load,load_testing,load_testing,Load72,10.176.45.81
temp_load,load_testing,load_testing,Load73,10.176.45.82
temp_load,load_testing,load_testing,Load74,10.176.45.83
temp_load,load_testing,load_testing,Load75,10.176.45.84
temp_load,load_testing,load_testing,Load76,10.176.45.85
temp_load,load_testing,load_testing,Load77,10.176.45.86
temp_load,load_testing,load_testing,Load78,10.176.45.87
temp_load,load_testing,load_testing,Load79,10.176.45.88
temp_load,load_testing,load_testing,Load80,10.176.45.89
temp_load,load_testing,load_testing,Load81,10.176.45.90
temp_load,load_testing,load_testing,Load82,10.176.45.91
temp_load,load_testing,load_testing,Load83,10.176.45.92
temp_load,load_testing,load_testing,Load84,10.176.45.93
